<?xml version="1.0"?>
<!--
   ====================================================================
   Licensed to the Apache Software Foundation (ASF) under one or more
   contributor license agreements.  See the NOTICE file distributed with
   this work for additional information regarding copyright ownership.
   The ASF licenses this file to You under the Apache License, Version 2.0
   (the "License"); you may not use this file except in compliance with
   the License.  You may obtain a copy of the License at

       http://www.apache.org/licenses/LICENSE-2.0

   Unless required by applicable law or agreed to in writing, software
   distributed under the License is distributed on an "AS IS" BASIS,
   WITHOUT WARRANTIES OR CONDITIONS OF ANY KIND, either express or implied.
   See the License for the specific language governing permissions and
   limitations under the License.
   ====================================================================
-->
<record id="0x1006" name="DataFormat"  excel-record-id="DATAFORMAT"
    package="org.apache.poi.hssf.record">
    <suffix>Record</suffix>
    <extends>Record</extends>
    <description>The data format record is used to index into a series.</description>
    <author>Glen Stampoultzis (glens at apache.org)</author>
    <fields>
        <field type="int" size="2" name="point number" description="0xFFFF for entire series"/>
        <field type="int" size="2" name="series index" description="relative index"/>
        <field type="int" size="2" name="series number" description="series number (which can be different from series index when series order is changed)"/>
        <field type="int" size="2" name="format flags">
            <bit number="0" name="use excel 4 colors" description="set true to use excel 4 colors."/>
        </field>
    </fields>
</record>
