<?xml version="1.0"?>
<!--
   ====================================================================
   Licensed to the Apache Software Foundation (ASF) under one or more
   contributor license agreements.  See the NOTICE file distributed with
   this work for additional information regarding copyright ownership.
   The ASF licenses this file to You under the Apache License, Version 2.0
   (the "License"); you may not use this file except in compliance with
   the License.  You may obtain a copy of the License at

       http://www.apache.org/licenses/LICENSE-2.0

   Unless required by applicable law or agreed to in writing, software
   distributed under the License is distributed on an "AS IS" BASIS,
   WITHOUT WARRANTIES OR CONDITIONS OF ANY KIND, either express or implied.
   See the License for the specific language governing permissions and
   limitations under the License.
   ====================================================================
-->
<record id="0x1032" name="Frame" excel-record-id="FRAME"
    package="org.apache.poi.hssf.record">
    <suffix>Record</suffix>
    <extends>Record</extends>
    <description>The frame record indicates whether there is a border around the displayed text of a chart.</description>
    <author>Glen Stampoultzis (glens at apache.org)</author>
    <fields>
        <field type="int" size="2" name="border type">
            <const name="regular" value="0" description="regular rectangle or no border"/>
            <const name="shadow" value="1" description="rectangle with shadow"/>
        </field>
        <field type="int" size="2" name="options">
            <bit number="0" name="auto size" description="excel calculates the size automatically if true"/>
            <bit number="1" name="auto position" description="excel calculates the position automatically"/>
        </field>
    </fields>
</record>
