<?xml version="1.0"?>
<!--
   ====================================================================
   Licensed to the Apache Software Foundation (ASF) under one or more
   contributor license agreements.  See the NOTICE file distributed with
   this work for additional information regarding copyright ownership.
   The ASF licenses this file to You under the Apache License, Version 2.0
   (the "License"); you may not use this file except in compliance with
   the License.  You may obtain a copy of the License at

       http://www.apache.org/licenses/LICENSE-2.0

   Unless required by applicable law or agreed to in writing, software
   distributed under the License is distributed on an "AS IS" BASIS,
   WITHOUT WARRANTIES OR CONDITIONS OF ANY KIND, either express or implied.
   See the License for the specific language governing permissions and
   limitations under the License.
   ====================================================================
-->
<record id="0x41" name="Pane" excel-record-id="PANE" package="org.apache.poi.hssf.record">
    <suffix>Record</suffix>
    <extends>Record</extends>
    <description>Describes the frozen and unfozen panes.</description>
    <author>Glen Stampoultzis (glens at apache.org)</author>
    <fields>
        <field type="int" size="2" name="x" description="horizontal position in 1/20th of a point (or number of columns visible if frozen pane)"/>
        <field type="int" size="2" name="y" description="vertical position in 1/20th of a point (or number of rows visible if frozen pane)"/>
        <field type="int" size="2" name="top row" description="top row visible in bottom pane"/>
        <field type="int" size="2" name="left column" description="left column visible in the right pane"/>
        <field type="int" size="2" name="active pane" description="which pane is active">
            <const name="lower right" value="0"/>
            <const name="upper right" value="1"/>
            <const name="lower left" value="2"/>
            <const name="upper left" value="3"/>
        </field>
    </fields>
</record>
